ClientKey,ClientName,Month,TotalCost,TotalTokens,RequestCount,AvgLatency,SuccessRate,AvgSatisfaction,UniqueModelsUsed,PremiumFeatureUsagePct
1,Client_B1,2025-01,0.2276,48930,26,500.5,100.0,4.1000000000000005,6,46.15384615384615
1,Client_B1,2025-02,0.2218,48447,22,375.0,100.0,3.8636363636363638,6,54.54545454545454
1,Client_B1,2025-03,0.4873,75943,29,496.82758620689657,100.0,4.146153846153846,5,55.172413793103445
1,Client_B1,2025-04,0.2171,48346,21,493.85714285714283,100.0,4.157142857142857,6,52.38095238095239
1,Client_B1,2025-05,0.254,52877,26,429.2307692307692,96.15384615384616,4.025,5,38.46153846153847
1,Client_B1,2025-06,0.5067,91943,32,533.6875,96.875,4.1,5,56.25
2,Client_C2,2025-01,0.1755,41555,29,397.17241379310343,100.0,4.0,6,41.37931034482759
2,Client_C2,2025-02,0.15889999999999999,42012,22,449.22727272727275,100.0,4.133333333333334,6,59.09090909090909
2,Client_C2,2025-03,0.2402,45917,17,477.1764705882353,100.0,3.9200000000000004,6,35.294117647058826
2,Client_C2,2025-04,0.2946,54417,29,425.44827586206895,100.0,4.3,6,41.37931034482759
2,Client_C2,2025-05,0.19499999999999998,37657,27,404.51851851851853,96.29629629629629,4.033333333333334,6,40.74074074074074
2,Client_C2,2025-06,0.312,65826,28,405.07142857142856,96.42857142857143,4.13,6,57.14285714285714
3,Client_D3,2025-01,0.3556,56723,28,467.0357142857143,100.0,4.271428571428571,6,42.857142857142854
3,Client_D3,2025-02,0.2422,45750,23,460.0869565217391,91.30434782608695,3.733333333333333,6,47.82608695652174
3,Client_D3,2025-03,0.2814,55079,27,396.81481481481484,96.29629629629629,3.78,6,33.33333333333333
3,Client_D3,2025-04,0.15940000000000001,49773,26,402.61538461538464,100.0,3.9,6,38.46153846153847
3,Client_D3,2025-05,0.341,93447,32,436.0,84.375,4.035714285714286,6,43.75
3,Client_D3,2025-06,0.1858,52039,26,409.7307692307692,100.0,4.4,6,34.61538461538461
4,Client_E4,2025-01,0.1982,33667,16,519.25,100.0,4.366666666666667,6,50.0
4,Client_E4,2025-02,0.2514,48542,24,429.5833333333333,100.0,3.9916666666666667,6,25.0
4,Client_E4,2025-03,0.2741,54396,26,461.7692307692308,96.15384615384616,4.066666666666666,6,46.15384615384615
4,Client_E4,2025-04,0.17350000000000002,47573,26,348.84615384615387,100.0,4.42,6,30.76923076923077
4,Client_E4,2025-05,0.3971,60332,31,575.6451612903226,96.7741935483871,4.133333333333334,6,38.70967741935484
4,Client_E4,2025-06,0.2828,58802,35,423.3142857142857,94.28571428571428,4.14,6,65.71428571428571
5,Client_F5,2025-01,0.3343,64055,30,643.5333333333333,100.0,4.1499999999999995,6,50.0
5,Client_F5,2025-02,0.25129999999999997,46322,24,642.5416666666666,100.0,3.988888888888889,6,54.166666666666664
5,Client_F5,2025-03,0.4023,75407,33,507.57575757575756,96.96969696969697,4.28,6,33.33333333333333
5,Client_F5,2025-04,0.4417,88264,31,458.96774193548384,96.7741935483871,4.171428571428572,6,38.70967741935484
5,Client_F5,2025-05,0.2995,53275,27,415.0,92.5925925925926,4.172727272727273,6,33.33333333333333
5,Client_F5,2025-06,0.36929999999999996,66610,30,440.6333333333333,100.0,3.9899999999999998,6,46.666666666666664
6,Client_G6,2025-01,0.3059,52155,30,463.2,100.0,3.790909090909091,6,53.333333333333336
6,Client_G6,2025-02,0.23500000000000001,45381,22,560.0,95.45454545454545,4.166666666666667,6,50.0
6,Client_G6,2025-03,0.3453,58992,28,507.5,100.0,4.172727272727273,5,39.285714285714285
6,Client_G6,2025-04,0.3099,68535,34,426.8235294117647,97.05882352941177,4.2,6,44.11764705882353
6,Client_G6,2025-05,0.2598,61584,28,474.4642857142857,100.0,4.1923076923076925,6,35.714285714285715
6,Client_G6,2025-06,0.2124,53046,26,443.8076923076923,96.15384615384616,4.2625,6,53.84615384615385
7,Client_H7,2025-01,0.2751,60544,31,408.83870967741933,100.0,3.9076923076923076,6,45.16129032258064
7,Client_H7,2025-02,0.2741,48729,26,427.5769230769231,100.0,4.192857142857142,5,30.76923076923077
7,Client_H7,2025-03,0.4524,81835,35,504.74285714285713,97.14285714285714,4.0875,6,40.0
7,Client_H7,2025-04,0.2542,48769,18,557.6666666666666,100.0,4.144444444444444,6,50.0
7,Client_H7,2025-05,0.2653,49765,23,556.3478260869565,95.65217391304348,4.266666666666667,6,39.130434782608695
7,Client_H7,2025-06,0.39490000000000003,69109,30,524.8,100.0,4.3,6,40.0
8,Client_I8,2025-01,0.2659,56311,30,379.3666666666667,100.0,4.163636363636363,6,50.0
8,Client_I8,2025-02,0.47509999999999997,81272,37,523.4054054054054,94.5945945945946,3.855555555555556,6,51.35135135135135
8,Client_I8,2025-03,0.368,65203,27,547.2592592592592,100.0,3.8285714285714287,6,51.85185185185185
8,Client_I8,2025-04,0.2683,56626,28,417.14285714285717,96.42857142857143,3.683333333333333,6,35.714285714285715
8,Client_I8,2025-05,0.3517,64429,26,481.9230769230769,100.0,4.25,5,30.76923076923077
8,Client_I8,2025-06,0.1313,53235,33,323.3030303030303,100.0,4.3100000000000005,6,48.484848484848484
9,Client_J9,2025-01,0.3122,51320,31,478.80645161290323,96.7741935483871,4.300000000000001,6,45.16129032258064
9,Client_J9,2025-02,0.4182,75853,31,465.38709677419354,100.0,4.107142857142857,5,51.61290322580645
9,Client_J9,2025-03,0.2978,64724,24,399.9583333333333,95.83333333333334,4.2,6,33.33333333333333
9,Client_J9,2025-04,0.3237,82846,37,421.27027027027026,97.2972972972973,4.2,6,27.027027027027028
9,Client_J9,2025-05,0.3015,66424,27,464.81481481481484,96.29629629629629,3.988888888888889,6,55.55555555555556
9,Client_J9,2025-06,0.3251,66297,33,411.24242424242425,100.0,4.453846153846154,6,63.63636363636363
10,Client_K10,2025-01,0.33039999999999997,63097,36,470.44444444444446,97.22222222222221,4.077777777777778,6,38.88888888888889
10,Client_K10,2025-02,0.2579,53877,29,460.2758620689655,100.0,4.355555555555556,6,48.275862068965516
10,Client_K10,2025-03,0.3844,57696,24,440.875,95.83333333333334,3.88,6,33.33333333333333
10,Client_K10,2025-04,0.1805,38416,22,484.27272727272725,100.0,4.245454545454546,6,50.0
10,Client_K10,2025-05,0.287,70610,31,379.0967741935484,100.0,4.209090909090909,6,38.70967741935484
10,Client_K10,2025-06,0.1985,46293,30,422.06666666666666,100.0,4.2,6,46.666666666666664
11,Client_L11,2025-01,0.5796,96915,33,440.4848484848485,100.0,4.022222222222222,6,45.45454545454545
11,Client_L11,2025-02,0.4662,71285,28,476.82142857142856,100.0,4.286666666666666,6,60.71428571428571
11,Client_L11,2025-03,0.6076,92921,33,523.7878787878788,100.0,4.15,5,45.45454545454545
11,Client_L11,2025-04,0.4226,63745,31,493.6774193548387,90.32258064516128,4.06,6,35.483870967741936
11,Client_L11,2025-05,0.3868,74350,29,456.62068965517244,96.55172413793103,4.16,5,51.724137931034484
11,Client_L11,2025-06,0.3971,75722,36,441.19444444444446,97.22222222222221,4.41,6,47.22222222222222
12,Client_M12,2025-01,0.2158,48101,23,444.95652173913044,100.0,3.783333333333333,5,43.47826086956522
12,Client_M12,2025-02,0.24259999999999998,54946,25,500.2,100.0,4.0375,6,36.0
12,Client_M12,2025-03,0.3298,70236,30,477.1333333333333,100.0,4.115384615384615,6,46.666666666666664
12,Client_M12,2025-04,0.3553,76854,44,512.5681818181819,95.45454545454545,3.994736842105263,6,45.45454545454545
12,Client_M12,2025-05,0.3213,66439,30,468.8333333333333,96.66666666666667,4.08,6,40.0
12,Client_M12,2025-06,0.3538,71999,34,407.9117647058824,100.0,3.725,6,44.11764705882353
13,Client_N13,2025-01,0.3297,55049,25,487.32,100.0,4.071428571428571,5,48.0
13,Client_N13,2025-02,0.2092,59361,31,410.5806451612903,100.0,3.96,6,45.16129032258064
13,Client_N13,2025-03,0.1701,33265,17,504.7647058823529,100.0,4.175,5,35.294117647058826
13,Client_N13,2025-04,0.2952,53753,30,418.53333333333336,96.66666666666667,4.588888888888889,6,53.333333333333336
13,Client_N13,2025-05,0.2767,64711,38,399.8157894736842,97.36842105263158,3.79375,6,57.89473684210527
13,Client_N13,2025-06,0.2955,56515,32,497.28125,93.75,4.033333333333333,6,56.25
14,Client_O14,2025-01,0.4401,62268,28,505.67857142857144,92.85714285714286,3.8875,6,46.42857142857143
14,Client_O14,2025-02,0.1864,50865,24,393.5416666666667,95.83333333333334,4.175,5,41.66666666666667
14,Client_O14,2025-03,0.30269999999999997,69326,32,420.53125,100.0,4.184615384615385,6,56.25
14,Client_O14,2025-04,0.2528,60839,29,403.0689655172414,100.0,3.95,6,31.03448275862069
14,Client_O14,2025-05,0.2727,60330,26,452.84615384615387,92.3076923076923,4.077777777777778,6,42.30769230769231
14,Client_O14,2025-06,0.1153,37805,27,339.6296296296296,100.0,4.075,6,51.85185185185185
15,Client_P15,2025-01,0.27340000000000003,54604,29,413.3448275862069,100.0,3.7600000000000002,6,51.724137931034484
15,Client_P15,2025-02,0.3227,57895,20,502.7,100.0,4.133333333333334,6,45.0
15,Client_P15,2025-03,0.19,50685,27,347.6666666666667,100.0,4.078571428571428,5,44.44444444444444
15,Client_P15,2025-04,0.2076,44384,20,481.85,100.0,4.566666666666666,5,45.0
15,Client_P15,2025-05,0.3526,83430,36,445.02777777777777,94.44444444444444,3.978947368421052,6,52.77777777777778
15,Client_P15,2025-06,0.4384,77747,30,503.76666666666665,100.0,4.0,6,43.333333333333336
16,Client_Q16,2025-01,0.2495,50056,23,427.6521739130435,100.0,3.87,6,43.47826086956522
16,Client_Q16,2025-02,0.2516,63050,33,412.75757575757575,96.96969696969697,4.314285714285714,6,60.60606060606061
16,Client_Q16,2025-03,0.2723,76151,36,409.30555555555554,97.22222222222221,4.066666666666666,6,30.555555555555557
16,Client_Q16,2025-04,0.3965,82950,36,451.72222222222223,100.0,4.3,6,52.77777777777778
16,Client_Q16,2025-05,0.381,74184,31,497.0967741935484,96.7741935483871,4.1625,6,58.06451612903226
16,Client_Q16,2025-06,0.1885,33688,19,485.42105263157896,94.73684210526315,4.209090909090909,6,52.63157894736842
17,Client_R17,2025-01,0.1992,59050,33,427.3636363636364,93.93939393939394,4.388888888888889,6,48.484848484848484
17,Client_R17,2025-02,0.42110000000000003,66568,32,479.9375,93.75,4.0,6,56.25
17,Client_R17,2025-03,0.2542,50489,27,451.8888888888889,96.29629629629629,4.1571428571428575,5,33.33333333333333
17,Client_R17,2025-04,0.3794,67017,31,463.48387096774195,96.7741935483871,3.9214285714285713,6,45.16129032258064
17,Client_R17,2025-05,0.278,76229,36,430.8611111111111,100.0,4.1,6,52.77777777777778
17,Client_R17,2025-06,0.3824,71366,33,412.45454545454544,96.96969696969697,4.0,6,45.45454545454545
18,Client_S18,2025-01,0.2386,56883,26,454.38461538461536,100.0,4.042857142857143,6,42.30769230769231
18,Client_S18,2025-02,0.31880000000000003,58498,21,522.047619047619,95.23809523809523,4.142857142857143,5,52.38095238095239
18,Client_S18,2025-03,0.385,78152,32,491.0,100.0,4.0125,6,53.125
18,Client_S18,2025-04,0.2661,61489,26,430.03846153846155,100.0,3.983333333333333,6,34.61538461538461
18,Client_S18,2025-05,0.2559,59294,29,471.1034482758621,100.0,4.0875,6,41.37931034482759
18,Client_S18,2025-06,0.3549,84072,39,407.53846153846155,100.0,4.04,6,28.205128205128204
19,Client_T19,2025-01,0.2571,65433,36,409.5833333333333,100.0,4.172727272727273,6,41.66666666666667
19,Client_T19,2025-02,0.21180000000000002,43206,25,473.08,96.0,4.033333333333334,6,52.0
19,Client_T19,2025-03,0.2079,57646,37,424.94594594594594,100.0,4.5,6,45.94594594594595
19,Client_T19,2025-04,0.3241,53889,26,420.5769230769231,96.15384615384616,3.6333333333333333,5,42.30769230769231
19,Client_T19,2025-05,0.26039999999999996,52656,29,469.6551724137931,96.55172413793103,4.175,6,41.37931034482759
19,Client_T19,2025-06,0.2959,55405,32,507.46875,100.0,3.9428571428571426,6,40.625
20,Client_U20,2025-01,0.31429999999999997,74578,37,423.94594594594594,97.2972972972973,4.1625,6,35.13513513513514
20,Client_U20,2025-02,0.3437,65628,19,460.4736842105263,100.0,4.5,6,57.89473684210527
20,Client_U20,2025-03,0.3105,64256,29,398.7931034482759,100.0,4.072727272727272,6,31.03448275862069
20,Client_U20,2025-04,0.2188,45190,27,446.5925925925926,100.0,4.25,6,51.85185185185185
20,Client_U20,2025-05,0.1969,44894,25,491.68,96.0,3.925,6,44.0
20,Client_U20,2025-06,0.4506,69795,28,525.9285714285714,96.42857142857143,3.7714285714285714,5,67.85714285714286
21,Client_V21,2025-01,0.4703,85059,31,480.06451612903226,100.0,4.091666666666667,6,54.83870967741935
21,Client_V21,2025-02,0.321,49938,26,476.53846153846155,100.0,4.35,5,50.0
21,Client_V21,2025-03,0.1921,48229,28,414.57142857142856,96.42857142857143,4.0200000000000005,6,50.0
21,Client_V21,2025-04,0.23329999999999998,49492,29,426.6551724137931,96.55172413793103,4.09,6,41.37931034482759
21,Client_V21,2025-05,0.5117,89307,36,390.6666666666667,100.0,4.153333333333333,6,33.33333333333333
21,Client_V21,2025-06,0.3471,72956,27,487.3703703703704,100.0,3.925,5,40.74074074074074
22,Client_W22,2025-01,0.3856,68789,28,481.7142857142857,100.0,4.3,6,50.0
22,Client_W22,2025-02,0.2945,49423,26,403.46153846153845,100.0,3.766666666666667,6,42.30769230769231
22,Client_W22,2025-03,0.3629,74922,31,446.83870967741933,96.7741935483871,4.275,6,45.16129032258064
22,Client_W22,2025-04,0.4104,93146,39,378.61538461538464,97.43589743589743,4.135714285714285,6,58.97435897435898
22,Client_W22,2025-05,0.215,43164,23,447.9130434782609,100.0,4.230769230769231,5,60.86956521739131
22,Client_W22,2025-06,0.1743,44784,18,490.8333333333333,100.0,4.18,6,27.77777777777778
23,Client_X23,2025-01,0.2111,44309,28,449.2857142857143,96.42857142857143,4.05,6,53.57142857142857
23,Client_X23,2025-02,0.2694,50562,27,434.14814814814815,100.0,3.9333333333333336,6,51.85185185185185
23,Client_X23,2025-03,0.16699999999999998,30735,14,365.85714285714283,100.0,4.25,5,50.0
23,Client_X23,2025-04,0.0992,43047,23,350.7391304347826,95.65217391304348,3.922222222222222,6,39.130434782608695
23,Client_X23,2025-05,0.3486,74211,33,419.09090909090907,100.0,4.022222222222222,6,54.54545454545454
23,Client_X23,2025-06,0.2425,40491,17,476.11764705882354,94.11764705882352,3.8,5,58.82352941176471
24,Client_Y24,2025-01,0.5797,99071,35,497.42857142857144,97.14285714285714,4.18,6,45.714285714285715
24,Client_Y24,2025-02,0.15510000000000002,42886,26,438.46153846153845,100.0,4.185714285714286,6,50.0
24,Client_Y24,2025-03,0.4653,81578,39,571.4358974358975,100.0,4.0736842105263165,6,48.717948717948715
24,Client_Y24,2025-04,0.1465,32654,24,429.8333333333333,100.0,4.029999999999999,5,54.166666666666664
24,Client_Y24,2025-05,0.2546,48449,29,452.6551724137931,96.55172413793103,4.008333333333334,6,51.724137931034484
24,Client_Y24,2025-06,0.3946,80094,30,510.73333333333335,100.0,4.04,6,50.0
25,Client_Z25,2025-01,0.4253,82082,33,421.3939393939394,100.0,3.8733333333333335,6,60.60606060606061
25,Client_Z25,2025-02,0.5131,76322,28,534.0357142857143,100.0,4.14,5,67.85714285714286
25,Client_Z25,2025-03,0.13390000000000002,35940,20,422.25,100.0,4.220000000000001,6,60.0
25,Client_Z25,2025-04,0.3394,68123,33,445.1818181818182,100.0,3.8545454545454545,6,57.57575757575758
25,Client_Z25,2025-05,0.1375,31420,22,439.04545454545456,100.0,4.042857142857143,6,40.909090909090914
25,Client_Z25,2025-06,0.4683,71139,30,512.1666666666666,96.66666666666667,4.057142857142857,5,36.666666666666664
26,Client_A26,2025-01,0.2915,60312,35,453.62857142857143,100.0,3.9846153846153842,6,45.714285714285715
26,Client_A26,2025-02,0.2529,71485,36,366.6666666666667,100.0,4.3125,6,58.333333333333336
26,Client_A26,2025-03,0.4343,64758,22,521.5454545454545,100.0,4.0285714285714285,6,40.909090909090914
26,Client_A26,2025-04,0.2537,47449,21,403.4761904761905,100.0,4.085714285714286,4,47.61904761904761
26,Client_A26,2025-05,0.2437,49477,25,350.72,88.0,3.9,6,52.0
26,Client_A26,2025-06,0.2251,57314,28,570.1071428571429,100.0,3.769230769230769,6,42.857142857142854
27,Client_B27,2025-01,0.2819,58876,29,519.8965517241379,100.0,4.4,5,44.827586206896555
27,Client_B27,2025-02,0.4989,80224,36,419.0833333333333,100.0,3.914285714285714,6,30.555555555555557
27,Client_B27,2025-03,0.251,57162,25,455.64,100.0,4.09,6,44.0
27,Client_B27,2025-04,0.25630000000000003,50401,27,392.51851851851853,100.0,4.242857142857143,6,59.25925925925925
27,Client_B27,2025-05,0.2022,55226,29,378.9655172413793,100.0,3.9909090909090907,6,72.41379310344827
27,Client_B27,2025-06,0.49770000000000003,73513,26,568.8076923076923,100.0,3.9333333333333336,5,50.0
28,Client_C28,2025-01,0.4315,87549,30,462.2,96.66666666666667,4.2214285714285715,6,46.666666666666664
28,Client_C28,2025-02,0.4376,63595,31,487.741935483871,100.0,4.025,6,48.38709677419355
28,Client_C28,2025-03,0.22749999999999998,38299,23,567.1304347826087,95.65217391304348,4.1000000000000005,6,56.52173913043478
28,Client_C28,2025-04,0.2955,66460,28,403.67857142857144,100.0,4.158333333333333,6,39.285714285714285
28,Client_C28,2025-05,0.3679,66580,25,485.24,96.0,3.79,6,36.0
28,Client_C28,2025-06,0.4658,75707,37,474.86486486486484,100.0,3.8923076923076922,6,35.13513513513514
29,Client_D29,2025-01,0.2836,45698,24,506.2083333333333,100.0,3.9000000000000004,6,58.333333333333336
29,Client_D29,2025-02,0.3031,66883,28,481.14285714285717,100.0,4.1,6,50.0
29,Client_D29,2025-03,0.4672,75427,31,509.96774193548384,90.32258064516128,4.136363636363637,6,58.06451612903226
29,Client_D29,2025-04,0.2053,40557,16,398.0625,100.0,4.166666666666667,6,37.5
29,Client_D29,2025-05,0.1549,35392,24,361.7916666666667,95.83333333333334,4.2299999999999995,6,62.5
29,Client_D29,2025-06,0.3555,52122,22,559.6363636363636,100.0,4.271428571428571,5,54.54545454545454
30,Client_E30,2025-01,0.1872,51232,30,437.46666666666664,100.0,4.116666666666666,6,50.0
30,Client_E30,2025-02,0.3486,69732,31,478.7741935483871,93.54838709677419,3.9181818181818184,6,51.61290322580645
30,Client_E30,2025-03,0.392,77996,43,492.25581395348837,100.0,3.8866666666666663,6,51.162790697674424
30,Client_E30,2025-04,0.2375,49055,20,402.9,95.0,3.9,6,40.0
30,Client_E30,2025-05,0.1901,43038,19,449.1578947368421,100.0,4.04,6,36.84210526315789
30,Client_E30,2025-06,0.3906,76329,32,489.3125,96.875,4.118181818181818,6,56.25
31,Client_F31,2025-01,0.349,73138,31,418.96774193548384,100.0,3.7600000000000002,6,45.16129032258064
31,Client_F31,2025-02,0.2758,62894,22,444.72727272727275,100.0,4.220000000000001,6,27.27272727272727
31,Client_F31,2025-03,0.2777,57944,28,446.92857142857144,92.85714285714286,4.127272727272727,6,32.142857142857146
31,Client_F31,2025-04,0.343,60809,28,471.85714285714283,96.42857142857143,4.4125,5,53.57142857142857
31,Client_F31,2025-05,0.2296,65937,39,400.53846153846155,100.0,4.07,6,48.717948717948715
31,Client_F31,2025-06,0.26539999999999997,54104,31,428.2258064516129,96.7741935483871,4.0,6,45.16129032258064
32,Client_G32,2025-01,0.2908,52245,30,434.0,100.0,4.37,6,40.0
32,Client_G32,2025-02,0.2215,44996,25,378.04,96.0,4.1000000000000005,5,56.00000000000001
32,Client_G32,2025-03,0.1915,48664,27,407.74074074074076,96.29629629629629,3.8,6,51.85185185185185
32,Client_G32,2025-04,0.288,68377,29,462.9655172413793,100.0,4.230769230769231,6,55.172413793103445
32,Client_G32,2025-05,0.5121,85724,39,507.9230769230769,100.0,4.308333333333334,6,43.58974358974359
32,Client_G32,2025-06,0.21139999999999998,55038,26,388.0,100.0,4.457142857142857,6,38.46153846153847
33,Client_H33,2025-01,0.1758,51046,31,375.48387096774195,100.0,4.1875,6,41.935483870967744
33,Client_H33,2025-02,0.33399999999999996,64374,26,466.0,100.0,4.2875,6,42.30769230769231
33,Client_H33,2025-03,0.4207,78563,33,481.2121212121212,100.0,4.366666666666666,6,48.484848484848484
33,Client_H33,2025-04,0.28909999999999997,80319,32,385.5,100.0,4.128571428571428,6,46.875
33,Client_H33,2025-05,0.0844,48232,30,317.3333333333333,93.33333333333333,3.966666666666667,5,50.0
33,Client_H33,2025-06,0.1558,37420,18,466.5,100.0,4.233333333333333,6,38.88888888888889
34,Client_I34,2025-01,0.4669,83099,28,469.82142857142856,100.0,4.4125000000000005,6,35.714285714285715
34,Client_I34,2025-02,0.2302,62740,30,443.1,100.0,4.430769230769231,6,56.666666666666664
34,Client_I34,2025-03,0.3385,57643,28,487.7142857142857,100.0,4.075,6,64.28571428571429
34,Client_I34,2025-04,0.3172,62940,28,488.35714285714283,100.0,3.9000000000000004,6,32.142857142857146
34,Client_I34,2025-05,0.28409999999999996,64525,32,467.78125,100.0,4.014285714285714,6,34.375
34,Client_I34,2025-06,0.4184,55774,27,483.5925925925926,100.0,4.176923076923076,6,55.55555555555556
35,Client_J35,2025-01,0.5725,107953,38,467.07894736842104,100.0,3.9499999999999997,6,34.21052631578947
35,Client_J35,2025-02,0.425,71562,37,466.2972972972973,100.0,3.994444444444445,6,40.54054054054054
35,Client_J35,2025-03,0.2787,60954,31,414.83870967741933,96.7741935483871,4.361538461538462,6,61.29032258064516
35,Client_J35,2025-04,0.3846,72075,30,528.7333333333333,100.0,3.9466666666666668,6,46.666666666666664
35,Client_J35,2025-05,0.2653,70465,32,400.0625,96.875,3.935294117647059,6,40.625
35,Client_J35,2025-06,0.2871,61209,27,374.81481481481484,100.0,4.077777777777778,6,33.33333333333333
36,Client_K36,2025-01,0.27999999999999997,47330,26,481.0,100.0,4.171428571428572,6,61.53846153846154
36,Client_K36,2025-02,0.2683,50649,26,484.15384615384613,96.15384615384616,4.25,6,61.53846153846154
36,Client_K36,2025-03,0.2745,55593,27,462.0,100.0,4.166666666666667,6,40.74074074074074
36,Client_K36,2025-04,0.2421,52297,25,434.16,96.0,3.8899999999999997,6,44.0
36,Client_K36,2025-05,0.308,57094,29,430.7241379310345,96.55172413793103,4.2625,6,58.620689655172406
36,Client_K36,2025-06,0.1739,40474,26,441.2692307692308,100.0,4.125,6,46.15384615384615
37,Client_L37,2025-01,0.3111,52804,30,482.8666666666667,100.0,3.9375,6,46.666666666666664
37,Client_L37,2025-02,0.2316,55866,27,364.3333333333333,100.0,3.925,6,51.85185185185185
37,Client_L37,2025-03,0.1703,51592,24,364.8333333333333,100.0,3.9714285714285715,6,37.5
37,Client_L37,2025-04,0.3818,77085,29,494.6896551724138,96.55172413793103,4.036363636363636,6,55.172413793103445
37,Client_L37,2025-05,0.28300000000000003,51683,25,489.44,96.0,3.925,5,56.00000000000001
37,Client_L37,2025-06,0.2836,69087,24,480.125,87.5,3.8857142857142857,6,41.66666666666667
38,Client_M38,2025-01,0.2861,66308,32,490.625,100.0,4.05,6,40.625
38,Client_M38,2025-02,0.3577,64860,32,457.40625,100.0,4.25,6,37.5
38,Client_M38,2025-03,0.3318,61908,28,463.42857142857144,100.0,4.125,6,32.142857142857146
38,Client_M38,2025-04,0.27740000000000004,49303,27,482.3333333333333,96.29629629629629,3.909090909090909,5,25.925925925925924
38,Client_M38,2025-05,0.3153,43944,24,522.3333333333334,95.83333333333334,4.3,6,33.33333333333333
38,Client_M38,2025-06,0.1928,46820,24,457.8333333333333,95.83333333333334,3.6999999999999997,6,41.66666666666667
39,Client_N39,2025-01,0.3903,65024,29,470.6896551724138,100.0,4.091666666666667,6,44.827586206896555
39,Client_N39,2025-02,0.2603,56298,26,445.46153846153845,96.15384615384616,4.072727272727272,6,57.692307692307686
39,Client_N39,2025-03,0.4126,79389,32,431.75,100.0,4.045454545454546,6,40.625
39,Client_N39,2025-04,0.3308,72764,38,439.1578947368421,100.0,3.8666666666666667,6,63.1578947368421
39,Client_N39,2025-05,0.1747,45083,23,453.60869565217394,100.0,4.1375,6,30.434782608695656
39,Client_N39,2025-06,0.2316,59717,29,417.6896551724138,96.55172413793103,3.8899999999999997,6,41.37931034482759
40,Client_O40,2025-01,0.2637,50985,25,433.64,100.0,4.511111111111111,6,48.0
40,Client_O40,2025-02,0.3857,77350,33,435.57575757575756,100.0,4.114285714285715,6,63.63636363636363
40,Client_O40,2025-03,0.3769,71131,36,436.5,100.0,3.8600000000000003,6,44.44444444444444
40,Client_O40,2025-04,0.10339999999999999,28144,22,407.8181818181818,100.0,4.0,6,50.0
40,Client_O40,2025-05,0.2259,60973,31,380.0,100.0,4.276923076923077,6,45.16129032258064
40,Client_O40,2025-06,0.4972,92192,46,484.7391304347826,100.0,4.110526315789474,6,39.130434782608695
41,Client_P41,2025-01,0.3856,67400,26,447.34615384615387,100.0,4.327272727272727,6,42.30769230769231
41,Client_P41,2025-02,0.1733,33176,17,359.8235294117647,94.11764705882352,4.42,6,70.58823529411765
41,Client_P41,2025-03,0.2757,39980,15,508.0,100.0,4.266666666666667,6,13.333333333333334
41,Client_P41,2025-04,0.2722,47422,27,468.18518518518516,100.0,4.45,6,55.55555555555556
41,Client_P41,2025-05,0.31329999999999997,60756,32,487.46875,100.0,4.022222222222222,6,40.625
41,Client_P41,2025-06,0.1812,35170,17,543.4117647058823,100.0,4.05,5,52.94117647058824
42,Client_Q42,2025-01,0.36660000000000004,56131,29,496.82758620689657,100.0,4.036363636363636,5,55.172413793103445
42,Client_Q42,2025-02,0.1004,38481,19,332.0,100.0,4.0,5,63.1578947368421
42,Client_Q42,2025-03,0.2554,46014,27,471.5925925925926,100.0,3.9749999999999996,5,51.85185185185185
42,Client_Q42,2025-04,0.2986,54763,27,446.3703703703704,96.29629629629629,3.775,6,33.33333333333333
42,Client_Q42,2025-05,0.4491,75643,30,447.8,96.66666666666667,4.3545454545454545,5,46.666666666666664
42,Client_Q42,2025-06,0.1691,51763,23,357.69565217391306,95.65217391304348,4.199999999999999,5,52.17391304347826
43,Client_R43,2025-01,0.2374,45979,27,502.51851851851853,100.0,4.1,6,55.55555555555556
43,Client_R43,2025-02,0.2459,48932,20,471.45,100.0,3.9799999999999995,6,45.0
43,Client_R43,2025-03,0.2122,67881,27,464.77777777777777,100.0,4.042857142857143,6,48.148148148148145
43,Client_R43,2025-04,0.3104,63688,31,479.06451612903226,93.54838709677419,4.4,6,48.38709677419355
43,Client_R43,2025-05,0.3897,74302,34,522.6470588235294,100.0,4.223076923076923,6,61.76470588235294
43,Client_R43,2025-06,0.1474,41951,23,367.0869565217391,100.0,3.8857142857142857,6,52.17391304347826
44,Client_S44,2025-01,0.3133,64605,21,559.6190476190476,100.0,4.1375,6,33.33333333333333
44,Client_S44,2025-02,0.3967,66930,31,472.93548387096774,96.7741935483871,4.088888888888889,6,58.06451612903226
44,Client_S44,2025-03,0.3496,66132,20,532.35,95.0,4.016666666666667,5,45.0
44,Client_S44,2025-04,0.387,66794,20,520.15,100.0,4.042857142857143,5,50.0
44,Client_S44,2025-05,0.2164,48445,27,489.25925925925924,100.0,3.9,5,44.44444444444444
44,Client_S44,2025-06,0.1327,41347,24,381.1666666666667,95.83333333333334,4.05,6,58.333333333333336
45,Client_T45,2025-01,0.2273,49725,24,478.7916666666667,95.83333333333334,3.966666666666667,6,50.0
45,Client_T45,2025-02,0.2348,44120,26,470.6923076923077,100.0,4.0285714285714285,6,38.46153846153847
45,Client_T45,2025-03,0.2358,42117,20,450.75,95.0,3.9166666666666665,6,35.0
45,Client_T45,2025-04,0.2198,42262,25,433.64,100.0,4.183333333333333,5,60.0
45,Client_T45,2025-05,0.3456,60353,24,479.5416666666667,100.0,4.066666666666666,5,62.5
45,Client_T45,2025-06,0.3582,54965,23,451.1304347826087,95.65217391304348,3.95,6,30.434782608695656
46,Client_U46,2025-01,0.2577,61956,24,419.2916666666667,100.0,4.136363636363637,6,41.66666666666667
46,Client_U46,2025-02,0.2839,53268,24,491.1666666666667,100.0,3.94,6,45.83333333333333
46,Client_U46,2025-03,0.23779999999999998,53913,22,484.22727272727275,95.45454545454545,4.166666666666667,5,54.54545454545454
46,Client_U46,2025-04,0.3941,61329,26,522.7692307692307,100.0,4.088888888888889,6,42.30769230769231
46,Client_U46,2025-05,0.4188,55489,25,437.84,96.0,4.242857142857143,6,44.0
46,Client_U46,2025-06,0.2917,61902,35,427.1142857142857,100.0,4.108333333333333,6,34.285714285714285
47,Client_V47,2025-01,0.2076,46050,26,427.2307692307692,92.3076923076923,4.2,6,42.30769230769231
47,Client_V47,2025-02,0.3663,62355,27,401.48148148148147,100.0,4.163636363636363,6,59.25925925925925
47,Client_V47,2025-03,0.2943,50759,26,488.15384615384613,100.0,3.966666666666667,6,42.30769230769231
47,Client_V47,2025-04,0.17679999999999998,41164,24,464.5416666666667,95.83333333333334,4.290909090909091,6,45.83333333333333
47,Client_V47,2025-05,0.4374,76796,36,499.9166666666667,97.22222222222221,4.283333333333333,6,44.44444444444444
47,Client_V47,2025-06,0.3099,51923,29,410.0689655172414,100.0,4.3100000000000005,6,37.93103448275862
48,Client_W48,2025-01,0.3355,78239,35,467.85714285714283,97.14285714285714,4.2272727272727275,6,31.428571428571427
48,Client_W48,2025-02,0.2253,37924,20,397.45,100.0,4.279999999999999,6,45.0
48,Client_W48,2025-03,0.3944,53946,28,538.8571428571429,100.0,4.075,5,46.42857142857143
48,Client_W48,2025-04,0.3101,50591,24,441.25,100.0,4.154545454545455,6,50.0
48,Client_W48,2025-05,0.3628,61146,27,411.22222222222223,100.0,4.269230769230769,6,51.85185185185185
48,Client_W48,2025-06,0.6108,82517,36,495.3333333333333,100.0,4.118181818181818,6,47.22222222222222
49,Client_X49,2025-01,0.3822,66680,31,516.3870967741935,100.0,4.133333333333334,6,41.935483870967744
49,Client_X49,2025-02,0.2715,58086,28,448.2142857142857,100.0,4.041666666666667,6,67.85714285714286
49,Client_X49,2025-03,0.2952,81052,32,418.03125,96.875,4.033333333333333,6,46.875
49,Client_X49,2025-04,0.3081,63008,30,437.23333333333335,96.66666666666667,4.057142857142857,6,40.0
49,Client_X49,2025-05,0.2993,60821,25,435.56,100.0,4.154545454545455,6,60.0
49,Client_X49,2025-06,0.2763,53960,28,485.0357142857143,100.0,4.322222222222222,6,35.714285714285715
50,Client_Y50,2025-01,0.4585,77569,27,479.9259259259259,100.0,3.9384615384615387,6,40.74074074074074
50,Client_Y50,2025-02,0.5532,76718,35,503.4,97.14285714285714,4.2299999999999995,6,68.57142857142857
50,Client_Y50,2025-03,0.5984,88300,37,449.94594594594594,100.0,4.24375,6,48.64864864864865
50,Client_Y50,2025-04,0.2796,42842,19,485.4736842105263,100.0,3.9400000000000004,6,57.89473684210527
50,Client_Y50,2025-05,0.2895,72864,32,438.90625,100.0,4.327272727272727,6,46.875
50,Client_Y50,2025-06,0.3758,73280,28,458.32142857142856,96.42857142857143,4.28,6,53.57142857142857
51,Client_Z51,2025-01,0.4301,71589,27,431.14814814814815,100.0,4.1,6,48.148148148148145
51,Client_Z51,2025-02,0.1816,51419,30,397.03333333333336,96.66666666666667,4.15,6,30.0
51,Client_Z51,2025-03,0.2565,50300,26,557.8846153846154,100.0,4.07,6,50.0
51,Client_Z51,2025-04,0.2801,57348,32,428.40625,100.0,4.042857142857143,6,40.625
51,Client_Z51,2025-05,0.3997,67539,31,483.6774193548387,100.0,4.163636363636363,6,51.61290322580645
51,Client_Z51,2025-06,0.3258,62399,28,480.32142857142856,96.42857142857143,3.9916666666666667,6,60.71428571428571
52,Client_A52,2025-01,0.451,71025,29,489.62068965517244,96.55172413793103,4.1,6,65.51724137931035
52,Client_A52,2025-02,0.5761000000000001,92755,38,595.0,97.36842105263158,4.136363636363637,6,47.368421052631575
52,Client_A52,2025-03,0.376,70952,24,518.1666666666666,100.0,4.0,6,50.0
52,Client_A52,2025-04,0.2674,58763,29,435.44827586206895,100.0,4.1625,6,31.03448275862069
52,Client_A52,2025-05,0.4155,69612,26,392.7692307692308,100.0,4.2,4,57.692307692307686
52,Client_A52,2025-06,0.1749,48741,24,378.4166666666667,100.0,4.357142857142857,6,37.5
53,Client_B53,2025-01,0.2966,74715,30,478.8666666666667,93.33333333333333,3.8666666666666667,6,40.0
53,Client_B53,2025-02,0.1757,35240,25,418.36,100.0,3.9545454545454546,6,44.0
53,Client_B53,2025-03,0.2388,43419,26,494.65384615384613,100.0,4.11,6,26.923076923076923
53,Client_B53,2025-04,0.3252,67940,31,442.2903225806452,100.0,4.155555555555555,6,51.61290322580645
53,Client_B53,2025-05,0.2245,48247,30,390.26666666666665,100.0,4.236363636363636,5,60.0
53,Client_B53,2025-06,0.4208,84322,40,437.75,95.0,4.377777777777777,6,37.5
54,Client_C54,2025-01,0.4079,98483,43,461.5581395348837,100.0,4.242857142857143,6,55.81395348837209
54,Client_C54,2025-02,0.286,64411,34,411.70588235294116,97.05882352941177,4.2,5,44.11764705882353
54,Client_C54,2025-03,0.4555,80296,26,431.46153846153845,100.0,4.253333333333334,6,53.84615384615385
54,Client_C54,2025-04,0.2339,50674,24,408.0,95.83333333333334,4.242857142857143,6,50.0
54,Client_C54,2025-05,0.2198,43231,25,418.92,100.0,4.0,6,16.0
54,Client_C54,2025-06,0.2805,55037,23,373.69565217391306,95.65217391304348,4.428571428571429,6,34.78260869565217
55,Client_D55,2025-01,0.32089999999999996,63955,31,450.48387096774195,96.7741935483871,3.6714285714285713,6,58.06451612903226
55,Client_D55,2025-02,0.27190000000000003,63717,25,449.8,100.0,3.9916666666666667,6,44.0
55,Client_D55,2025-03,0.2793,51913,28,381.5357142857143,100.0,4.0625,6,50.0
55,Client_D55,2025-04,0.4516,86165,33,452.90909090909093,96.96969696969697,4.199999999999999,6,60.60606060606061
55,Client_D55,2025-05,0.3471,70607,29,420.2413793103448,100.0,3.95,6,62.06896551724138
55,Client_D55,2025-06,0.2383,50211,26,501.5769230769231,100.0,4.2,6,42.30769230769231
56,Client_E56,2025-01,0.3135,64523,26,546.4230769230769,100.0,4.027272727272727,6,69.23076923076923
56,Client_E56,2025-02,0.2318,51044,25,427.88,100.0,3.9625,5,44.0
56,Client_E56,2025-03,0.288,60792,27,427.6666666666667,100.0,3.9111111111111114,6,55.55555555555556
56,Client_E56,2025-04,0.5315,90279,39,458.6666666666667,94.87179487179486,4.25,6,46.15384615384615
56,Client_E56,2025-05,0.5667,87705,44,490.20454545454544,100.0,4.095000000000001,6,45.45454545454545
56,Client_E56,2025-06,0.462,89490,31,473.8709677419355,96.7741935483871,4.3375,5,32.25806451612903
57,Client_F57,2025-01,0.2341,54450,29,485.86206896551727,100.0,4.078571428571428,6,55.172413793103445
57,Client_F57,2025-02,0.2933,57413,23,441.2608695652174,100.0,4.199999999999999,5,73.91304347826086
57,Client_F57,2025-03,0.1822,48416,31,400.0967741935484,100.0,4.011111111111111,6,48.38709677419355
57,Client_F57,2025-04,0.3215,81772,37,449.1621621621622,97.2972972972973,3.8076923076923075,5,35.13513513513514
57,Client_F57,2025-05,0.1678,37759,24,402.0833333333333,100.0,4.188888888888889,6,25.0
57,Client_F57,2025-06,0.3261,51587,27,534.4814814814815,100.0,3.857142857142857,6,40.74074074074074
58,Client_G58,2025-01,0.2804,56610,21,487.95238095238096,100.0,4.4375,6,52.38095238095239
58,Client_G58,2025-02,0.3851,70629,28,482.2857142857143,96.42857142857143,4.2214285714285715,6,50.0
58,Client_G58,2025-03,0.2843,82244,35,449.42857142857144,100.0,3.9375,6,42.857142857142854
58,Client_G58,2025-04,0.3266,71066,31,430.80645161290323,96.7741935483871,4.245454545454546,6,51.61290322580645
58,Client_G58,2025-05,0.18159999999999998,57507,34,400.8529411764706,97.05882352941177,4.188888888888889,6,52.94117647058824
58,Client_G58,2025-06,0.3679,72290,29,469.0344827586207,96.55172413793103,4.4625,6,34.48275862068966
59,Client_H59,2025-01,0.332,62770,37,441.6756756756757,100.0,4.3,6,45.94594594594595
59,Client_H59,2025-02,0.3535,70469,29,437.44827586206895,100.0,3.9499999999999997,6,51.724137931034484
59,Client_H59,2025-03,0.2565,44810,20,574.1,95.0,4.3500000000000005,5,50.0
59,Client_H59,2025-04,0.1368,39122,19,427.10526315789474,100.0,4.1,6,52.63157894736842
59,Client_H59,2025-05,0.1385,29728,20,371.8,100.0,4.25,6,55.00000000000001
59,Client_H59,2025-06,0.3653,67204,35,442.1142857142857,97.14285714285714,3.8615384615384616,6,42.857142857142854
60,Client_I60,2025-01,0.1825,47362,31,415.96774193548384,100.0,4.086666666666667,6,51.61290322580645
60,Client_I60,2025-02,0.243,52495,22,410.09090909090907,95.45454545454545,4.3428571428571425,6,50.0
60,Client_I60,2025-03,0.24760000000000001,57114,23,485.6521739130435,100.0,4.1000000000000005,5,52.17391304347826
60,Client_I60,2025-04,0.3082,62893,31,528.6129032258065,96.7741935483871,3.942857142857143,6,45.16129032258064
60,Client_I60,2025-05,0.2153,42673,19,428.8421052631579,100.0,3.7,6,47.368421052631575
60,Client_I60,2025-06,0.4252,75445,30,512.0,96.66666666666667,3.8375,6,46.666666666666664
61,Client_J61,2025-01,0.2532,49115,32,356.53125,100.0,4.050000000000001,6,56.25
61,Client_J61,2025-02,0.249,35621,14,552.0,85.71428571428571,3.9166666666666665,4,57.14285714285714
61,Client_J61,2025-03,0.4602,74028,31,454.2903225806452,100.0,3.605882352941176,6,58.06451612903226
61,Client_J61,2025-04,0.18359999999999999,46494,21,466.4761904761905,100.0,4.066666666666666,6,42.857142857142854
61,Client_J61,2025-05,0.376,56637,25,404.96,96.0,3.936363636363636,6,64.0
61,Client_J61,2025-06,0.2874,63751,35,424.9714285714286,100.0,4.0928571428571425,6,51.42857142857142
62,Client_K62,2025-01,0.4111,105338,36,484.72222222222223,97.22222222222221,4.0928571428571425,6,44.44444444444444
62,Client_K62,2025-02,0.10679999999999999,36645,21,423.2857142857143,100.0,4.157142857142857,5,76.19047619047619
62,Client_K62,2025-03,0.34709999999999996,69613,29,511.0344827586207,100.0,3.9625,6,44.827586206896555
62,Client_K62,2025-04,0.2818,56262,30,503.76666666666665,100.0,4.1,6,60.0
62,Client_K62,2025-05,0.425,77699,30,459.03333333333336,96.66666666666667,4.2153846153846155,6,46.666666666666664
62,Client_K62,2025-06,0.3481,55461,26,445.03846153846155,100.0,4.1000000000000005,6,53.84615384615385
63,Client_L63,2025-01,0.3236,68551,33,682.4242424242424,100.0,3.87,6,45.45454545454545
63,Client_L63,2025-02,0.1966,43829,24,397.4583333333333,100.0,4.216666666666667,6,37.5
63,Client_L63,2025-03,0.5473,89167,31,495.4193548387097,90.32258064516128,4.15,6,48.38709677419355
63,Client_L63,2025-04,0.4422,81167,42,438.35714285714283,100.0,4.0285714285714285,6,42.857142857142854
63,Client_L63,2025-05,0.35569999999999996,70911,29,511.82758620689657,100.0,4.135714285714285,6,31.03448275862069
63,Client_L63,2025-06,0.1696,33806,21,426.3809523809524,95.23809523809523,4.355555555555556,5,57.14285714285714
64,Client_M64,2025-01,0.2398,55209,25,492.44,92.0,4.446153846153846,6,56.00000000000001
64,Client_M64,2025-02,0.4578,92050,29,512.9310344827586,100.0,4.428571428571429,6,44.827586206896555
64,Client_M64,2025-03,0.2756,66903,32,519.0,96.875,4.177777777777778,6,53.125
64,Client_M64,2025-04,0.3207,47861,20,569.45,100.0,3.783333333333333,6,50.0
64,Client_M64,2025-05,0.4218,71918,28,398.64285714285717,96.42857142857143,4.036363636363636,6,46.42857142857143
64,Client_M64,2025-06,0.2909,51680,27,548.6296296296297,92.5925925925926,4.0600000000000005,6,44.44444444444444
65,Client_N65,2025-01,0.4118,84653,31,462.9032258064516,100.0,4.25,6,35.483870967741936
65,Client_N65,2025-02,0.1653,42602,23,385.7826086956522,100.0,4.188888888888889,6,47.82608695652174
65,Client_N65,2025-03,0.2439,48502,32,476.09375,100.0,3.9,6,43.75
65,Client_N65,2025-04,0.3593,74711,29,438.7586206896552,100.0,4.016666666666667,6,34.48275862068966
65,Client_N65,2025-05,0.2859,67345,30,417.9,100.0,4.08,6,33.33333333333333
65,Client_N65,2025-06,0.3905,70553,29,409.44827586206895,96.55172413793103,3.95,6,55.172413793103445
66,Client_O66,2025-01,0.2548,53658,28,404.07142857142856,100.0,4.108333333333333,6,35.714285714285715
66,Client_O66,2025-02,0.5868,91799,33,503.030303030303,96.96969696969697,3.85625,6,45.45454545454545
66,Client_O66,2025-03,0.2168,53167,35,362.7142857142857,100.0,4.09375,6,42.857142857142854
66,Client_O66,2025-04,0.2651,64606,36,431.1666666666667,97.22222222222221,4.2,6,44.44444444444444
66,Client_O66,2025-05,0.2949,64384,35,521.3714285714286,97.14285714285714,4.3100000000000005,6,48.57142857142857
66,Client_O66,2025-06,0.1109,34573,23,430.5217391304348,100.0,4.144444444444444,6,39.130434782608695
67,Client_P67,2025-01,0.3325,53758,22,488.90909090909093,100.0,4.266666666666667,5,59.09090909090909
67,Client_P67,2025-02,0.3113,52469,22,539.3181818181819,100.0,4.166666666666667,5,54.54545454545454
67,Client_P67,2025-03,0.2651,53607,28,412.75,96.42857142857143,4.32,6,39.285714285714285
67,Client_P67,2025-04,0.3212,66289,29,426.7586206896552,100.0,3.9692307692307693,5,34.48275862068966
67,Client_P67,2025-05,0.3194,53976,30,461.6,100.0,4.0285714285714285,6,33.33333333333333
67,Client_P67,2025-06,0.35259999999999997,72939,36,477.44444444444446,100.0,4.007142857142857,6,36.11111111111111
68,Client_Q68,2025-01,0.2804,67500,32,360.71875,100.0,3.792307692307692,6,37.5
68,Client_Q68,2025-02,0.1974,57074,32,432.03125,100.0,4.094444444444445,6,59.375
68,Client_Q68,2025-03,0.3488,58259,29,455.7931034482759,96.55172413793103,4.083333333333333,6,51.724137931034484
68,Client_Q68,2025-04,0.1902,39727,24,428.375,100.0,3.8875,5,37.5
68,Client_Q68,2025-05,0.22970000000000002,46619,24,404.0833333333333,100.0,4.1375,6,58.333333333333336
68,Client_Q68,2025-06,0.3288,57283,23,479.1304347826087,100.0,3.8,5,47.82608695652174
69,Client_R69,2025-01,0.4473,74056,28,440.35714285714283,96.42857142857143,4.246153846153846,6,60.71428571428571
69,Client_R69,2025-02,0.3699,69892,29,504.3448275862069,100.0,4.1,6,41.37931034482759
69,Client_R69,2025-03,0.2454,37329,26,442.03846153846155,96.15384615384616,3.690909090909091,6,61.53846153846154
69,Client_R69,2025-04,0.067,33152,19,361.3157894736842,100.0,4.475,6,42.10526315789473
69,Client_R69,2025-05,0.4267,76915,30,527.5333333333333,96.66666666666667,4.116666666666666,6,50.0
69,Client_R69,2025-06,0.2892,52213,25,526.52,100.0,4.066666666666666,5,64.0
70,Client_S70,2025-01,0.5344,97494,30,512.7,96.66666666666667,4.138461538461538,6,53.333333333333336
70,Client_S70,2025-02,0.3086,69434,35,489.6,100.0,4.21,6,31.428571428571427
70,Client_S70,2025-03,0.3372,77300,33,436.3030303030303,100.0,4.066666666666666,6,57.57575757575758
70,Client_S70,2025-04,0.1971,42365,26,447.2692307692308,100.0,3.94,6,53.84615384615385
70,Client_S70,2025-05,0.2126,51597,31,434.5483870967742,100.0,4.1,6,45.16129032258064
70,Client_S70,2025-06,0.2764,56363,32,444.9375,100.0,4.366666666666666,6,50.0
71,Client_T71,2025-01,0.4882,91544,29,451.2758620689655,100.0,4.01,6,44.827586206896555
71,Client_T71,2025-02,0.3093,43553,23,550.695652173913,95.65217391304348,3.957142857142857,5,47.82608695652174
71,Client_T71,2025-03,0.1441,53038,28,342.57142857142856,96.42857142857143,3.9,6,57.14285714285714
71,Client_T71,2025-04,0.4013,86825,37,458.02702702702703,91.8918918918919,4.1125,6,45.94594594594595
71,Client_T71,2025-05,0.4241,83726,31,580.7741935483871,100.0,3.942857142857143,6,61.29032258064516
71,Client_T71,2025-06,0.21989999999999998,38390,24,520.9583333333334,100.0,4.276923076923077,6,54.166666666666664
72,Client_U72,2025-01,0.2412,53494,28,379.75,96.42857142857143,3.841666666666667,6,46.42857142857143
72,Client_U72,2025-02,0.3403,72360,35,428.1714285714286,100.0,4.029411764705882,6,48.57142857142857
72,Client_U72,2025-03,0.2295,32725,16,391.625,100.0,4.225,6,37.5
72,Client_U72,2025-04,0.2083,53357,22,425.45454545454544,100.0,4.036363636363636,6,27.27272727272727
72,Client_U72,2025-05,0.2771,85798,32,411.875,100.0,4.055555555555555,6,53.125
72,Client_U72,2025-06,0.2968,79875,34,433.3529411764706,100.0,3.922222222222222,6,58.82352941176471
73,Client_V73,2025-01,0.2541,59109,31,381.03225806451616,100.0,4.33,5,38.70967741935484
73,Client_V73,2025-02,0.2074,52619,25,489.84,100.0,4.125,6,44.0
73,Client_V73,2025-03,0.2394,50171,24,479.6666666666667,100.0,3.983333333333333,6,33.33333333333333
73,Client_V73,2025-04,0.2137,43705,22,428.77272727272725,100.0,3.9,6,54.54545454545454
73,Client_V73,2025-05,0.2962,54113,30,447.4,100.0,4.0875,6,60.0
73,Client_V73,2025-06,0.2774,52238,30,437.3666666666667,100.0,4.29,5,50.0
74,Client_W74,2025-01,0.3496,70111,24,584.4166666666666,100.0,4.2875,6,58.333333333333336
74,Client_W74,2025-02,0.2365,55885,30,394.76666666666665,93.33333333333333,4.25,6,40.0
74,Client_W74,2025-03,0.22139999999999999,37343,20,373.5,100.0,4.1,6,50.0
74,Client_W74,2025-04,0.3,62811,29,460.9310344827586,100.0,4.133333333333334,5,44.827586206896555
74,Client_W74,2025-05,0.2604,70070,31,519.0,100.0,3.9615384615384617,6,48.38709677419355
74,Client_W74,2025-06,0.4274,81517,32,458.75,96.875,4.333333333333333,5,43.75
75,Client_X75,2025-01,0.2107,56418,29,434.1034482758621,100.0,3.75,6,55.172413793103445
75,Client_X75,2025-02,0.3888,63381,28,453.7857142857143,100.0,4.1,6,25.0
75,Client_X75,2025-03,0.5564,101163,41,485.6341463414634,100.0,4.111764705882353,6,51.21951219512195
75,Client_X75,2025-04,0.3291,58789,28,428.85714285714283,100.0,4.125,6,39.285714285714285
75,Client_X75,2025-05,0.1843,46345,26,400.61538461538464,100.0,4.2625,6,46.15384615384615
75,Client_X75,2025-06,0.4643,83772,37,487.6756756756757,97.2972972972973,4.038461538461538,6,35.13513513513514
76,Client_Y76,2025-01,0.2095,48868,27,435.18518518518516,100.0,4.1230769230769235,6,33.33333333333333
76,Client_Y76,2025-02,0.28500000000000003,48712,23,529.6521739130435,95.65217391304348,3.9875,5,34.78260869565217
76,Client_Y76,2025-03,0.1427,31285,22,759.2727272727273,100.0,3.9285714285714284,5,36.36363636363637
76,Client_Y76,2025-04,0.3478,65594,25,486.0,100.0,4.2,5,48.0
76,Client_Y76,2025-05,0.2864,72356,33,433.6666666666667,100.0,4.069230769230769,6,42.42424242424242
76,Client_Y76,2025-06,0.1737,41254,23,418.0869565217391,100.0,4.111111111111111,6,39.130434782608695
77,Client_Z77,2025-01,0.2972,56091,28,433.17857142857144,100.0,3.8714285714285714,6,46.42857142857143
77,Client_Z77,2025-02,0.3036,62683,25,436.32,100.0,4.14,6,36.0
77,Client_Z77,2025-03,0.3152,51405,24,407.9166666666667,95.83333333333334,4.1571428571428575,6,50.0
77,Client_Z77,2025-04,0.3503,58482,24,482.75,100.0,3.5,6,54.166666666666664
77,Client_Z77,2025-05,0.3839,58183,28,433.42857142857144,96.42857142857143,4.144444444444444,5,53.57142857142857
77,Client_Z77,2025-06,0.2383,43550,23,476.4782608695652,91.30434782608695,4.0875,6,43.47826086956522
78,Client_A78,2025-01,0.3266,74502,34,487.8529411764706,94.11764705882352,4.1000000000000005,6,52.94117647058824
78,Client_A78,2025-02,0.3995,67600,32,424.1875,96.875,4.172727272727273,6,40.625
78,Client_A78,2025-03,0.1906,52945,23,618.1304347826087,100.0,4.057142857142857,6,60.86956521739131
78,Client_A78,2025-04,0.24830000000000002,56125,18,481.05555555555554,94.44444444444444,4.275,4,50.0
78,Client_A78,2025-05,0.3613,59655,37,442.35135135135135,97.2972972972973,4.007692307692308,6,37.83783783783784
78,Client_A78,2025-06,0.3568,75482,28,440.89285714285717,100.0,4.2846153846153845,6,42.857142857142854
79,Client_B79,2025-01,0.4269,65450,23,513.6086956521739,100.0,4.1625,6,47.82608695652174
79,Client_B79,2025-02,0.1617,37253,14,531.2142857142857,100.0,3.8000000000000003,5,50.0
79,Client_B79,2025-03,0.325,57683,19,543.0526315789474,100.0,4.24,5,57.89473684210527
79,Client_B79,2025-04,0.2414,48758,25,466.2,100.0,4.32,6,40.0
79,Client_B79,2025-05,0.1636,44215,24,390.9166666666667,100.0,4.3,6,37.5
79,Client_B79,2025-06,0.2609,78021,32,368.6875,100.0,3.8923076923076922,5,37.5
80,Client_C80,2025-01,0.2419,54929,32,372.1875,100.0,3.811111111111111,6,43.75
80,Client_C80,2025-02,0.1025,35539,21,423.42857142857144,100.0,4.05,6,38.095238095238095
80,Client_C80,2025-03,0.36569999999999997,62475,28,443.2857142857143,100.0,4.477777777777778,6,53.57142857142857
80,Client_C80,2025-04,0.2289,58767,23,413.82608695652175,100.0,4.1000000000000005,6,52.17391304347826
80,Client_C80,2025-05,0.2303,51075,24,446.5,100.0,3.9,6,58.333333333333336
80,Client_C80,2025-06,0.26,53559,26,526.9230769230769,100.0,4.225,6,30.76923076923077
