RegionKey,RegionName,Month,TotalCost,TotalTokens,RequestCount,AvgLatency,SuccessRate
1,India,2025-01,9.2774,1858791,878,446.56947608200454,98.86104783599089
1,India,2025-02,9.4804,1776461,816,463.49632352941177,99.38725490196079
1,India,2025-03,9.0752,1780009,842,462.957244655582,98.57482185273159
1,India,2025-04,8.6392,1808340,835,433.08862275449104,98.32335329341318
1,India,2025-05,9.176,1849797,862,456.7285382830626,98.37587006960557
1,India,2025-06,10.2063,1958401,898,455.3463251670379,98.21826280623608
2,North America,2025-01,5.5897,1147225,515,460.1747572815534,99.02912621359224
2,North America,2025-02,4.7582,967878,441,459.9705215419501,97.27891156462584
2,North America,2025-03,5.211,1026743,467,484.01713062098503,98.92933618843684
2,North America,2025-04,4.9532,1031509,495,446.6080808080808,98.98989898989899
2,North America,2025-05,5.156,1090931,529,438.6862003780718,97.73156899810964
2,North America,2025-06,5.0758,1062795,506,461.15612648221344,97.03557312252964
3,Europe,2025-01,3.8763,704942,316,480.8386075949367,99.0506329113924
3,Europe,2025-02,3.3501,725178,354,441.72033898305085,98.87005649717514
3,Europe,2025-03,3.556,741261,322,469.58385093167703,98.13664596273291
3,Europe,2025-04,3.2753,672395,334,434.23952095808386,97.60479041916167
3,Europe,2025-05,3.8790999999999998,760723,366,447.5983606557377,98.08743169398907
3,Europe,2025-06,3.5465,703865,342,465.3888888888889,99.12280701754386
4,SEA,2025-01,3.5165,710835,303,482.25412541254127,98.34983498349835
4,SEA,2025-02,3.1184,598092,262,456.5534351145038,96.56488549618321
4,SEA,2025-03,2.9516,548816,263,431.98098859315587,99.23954372623575
4,SEA,2025-04,2.6882,539668,247,470.4736842105263,98.38056680161942
4,SEA,2025-05,2.4455999999999998,538704,279,428.06451612903226,97.84946236559139
4,SEA,2025-06,2.8985,589128,262,465.32824427480915,98.47328244274809
5,Middle East,2025-01,2.2786,426387,202,445.490099009901,99.5049504950495
5,Middle East,2025-02,1.9269,344920,164,472.5426829268293,99.39024390243902
5,Middle East,2025-03,2.2438,413810,184,473.8369565217391,98.36956521739131
5,Middle East,2025-04,2.0828,421091,195,502.94871794871796,97.94871794871794
5,Middle East,2025-05,2.214,402639,172,463.1162790697674,96.51162790697676
5,Middle East,2025-06,1.725,325092,169,436.56804733727813,98.81656804733728
6,LATAM,2025-01,1.2289,255687,125,496.44,98.4
6,LATAM,2025-02,1.0437,208179,104,421.625,99.03846153846155
6,LATAM,2025-03,1.723,314565,133,454.8872180451128,96.99248120300751
6,LATAM,2025-04,1.1739,230901,102,443.8921568627451,98.0392156862745
6,LATAM,2025-05,0.9858,218807,110,422.3545454545455,100.0
6,LATAM,2025-06,1.0776000000000001,216101,106,425.2641509433962,100.0
