ds,yhat,yhat_lower,yhat_upper,Model,Metric
2025-07-01,0.7686647847956152,0.43384306742948636,1.0770206813693382,Prophet,CostUSD
2025-07-02,0.8193495580591974,0.5115943995103914,1.1221587968876179,Prophet,CostUSD
2025-07-03,0.8345921744329359,0.5139130024377314,1.150513472508668,Prophet,CostUSD
2025-07-04,0.6800523348454117,0.3680376964184401,0.9900193841141193,Prophet,CostUSD
2025-07-05,0.7493416220814871,0.4482845644897308,1.0687218319223875,Prophet,CostUSD
2025-07-06,0.7349617680539143,0.4240100719999529,1.0439752601885135,Prophet,CostUSD
2025-07-07,0.746765052822912,0.4577585466909658,1.0541812547505607,Prophet,CostUSD
2025-07-08,0.7663276288089856,0.44586353883895624,1.0836735757470735,Prophet,CostUSD
2025-07-09,0.81701240207238,0.4801597786199879,1.1365368427614704,Prophet,CostUSD
2025-07-10,0.8322550184462721,0.5375842736679202,1.183483732916908,Prophet,CostUSD
2025-07-11,0.7699293075371232,0.44716285849182513,1.0999006685530017,Prophet,CostUSD
2025-07-12,0.747004466094766,0.43607939643043847,1.0627898409394543,Prophet,CostUSD
2025-07-13,0.732624612067127,0.4228797730874668,1.0663184680480875,Prophet,CostUSD
2025-07-14,0.7444278968361224,0.42579117421093104,1.0538456218272605,Prophet,CostUSD
2025-07-15,0.7639904728223559,0.4602032236134542,1.1087907651323854,Prophet,CostUSD
2025-07-16,0.814675246085738,0.5099100410938757,1.1359987756067436,Prophet,CostUSD
2025-07-17,0.8299178624595539,0.5192030137811382,1.149188877845928,Prophet,CostUSD
2025-07-18,0.7675921515503853,0.4399925539577754,1.1107361301058896,Prophet,CostUSD
2025-07-19,0.7446673101080795,0.4434582347931576,1.0654132414803967,Prophet,CostUSD
2025-07-20,0.7302874560804855,0.4034330006294947,1.0340007962507811,Prophet,CostUSD
2025-07-21,0.7420907408494847,0.44232848089355203,1.0774106553317158,Prophet,CostUSD
2025-07-22,0.761653316835693,0.42335699907639796,1.0739192511066062,Prophet,CostUSD
2025-07-23,0.8123380900991448,0.4981896318211305,1.158981684860118,Prophet,CostUSD
2025-07-24,0.8275807064728902,0.502915136131622,1.1388124366334258,Prophet,CostUSD
2025-07-25,0.7652549955639993,0.47275507129482014,1.0878018855601264,Prophet,CostUSD
2025-07-26,0.7423301541213928,0.430599542874803,1.062801429848805,Prophet,CostUSD
2025-07-27,0.7279503000938569,0.4149930571828264,1.0184594338106943,Prophet,CostUSD
2025-07-28,0.7397535848628585,0.40887803681208373,1.090459732354599,Prophet,CostUSD
2025-07-29,0.7593161608490634,0.4242530489532009,1.0654473319227682,Prophet,CostUSD
2025-07-30,0.8100009341122788,0.4822557531628258,1.126154951461494,Prophet,CostUSD
