ds,yhat,Model,Metric
2025-07-01,74.55066409666377,ARIMA,RequestCount
2025-07-02,74.55849745254596,ARIMA,RequestCount
2025-07-03,74.55849745254596,ARIMA,RequestCount
2025-07-04,74.55849745254596,ARIMA,RequestCount
2025-07-05,74.55849745254596,ARIMA,RequestCount
2025-07-06,74.55849745254596,ARIMA,RequestCount
2025-07-07,74.55849745254596,ARIMA,RequestCount
2025-07-08,74.55849745254596,ARIMA,RequestCount
2025-07-09,74.55849745254596,ARIMA,RequestCount
2025-07-10,74.55849745254596,ARIMA,RequestCount
2025-07-11,74.55849745254596,ARIMA,RequestCount
2025-07-12,74.55849745254596,ARIMA,RequestCount
2025-07-13,74.55849745254596,ARIMA,RequestCount
2025-07-14,74.55849745254596,ARIMA,RequestCount
2025-07-15,74.55849745254596,ARIMA,RequestCount
2025-07-16,74.55849745254596,ARIMA,RequestCount
2025-07-17,74.55849745254596,ARIMA,RequestCount
2025-07-18,74.55849745254596,ARIMA,RequestCount
2025-07-19,74.55849745254596,ARIMA,RequestCount
2025-07-20,74.55849745254596,ARIMA,RequestCount
2025-07-21,74.55849745254596,ARIMA,RequestCount
2025-07-22,74.55849745254596,ARIMA,RequestCount
2025-07-23,74.55849745254596,ARIMA,RequestCount
2025-07-24,74.55849745254596,ARIMA,RequestCount
2025-07-25,74.55849745254596,ARIMA,RequestCount
2025-07-26,74.55849745254596,ARIMA,RequestCount
2025-07-27,74.55849745254596,ARIMA,RequestCount
2025-07-28,74.55849745254596,ARIMA,RequestCount
2025-07-29,74.55849745254596,ARIMA,RequestCount
2025-07-30,74.55849745254596,ARIMA,RequestCount
