DateKey,Date,Year,Quarter,Month,MonthName,WeekOfYear,DayOfWeek,IsWeekend
20250101,2025-01-01,2025,Q1,1,January,1,Wednesday,False
20250102,2025-01-02,2025,Q1,1,January,1,Thursday,False
20250103,2025-01-03,2025,Q1,1,January,1,Friday,False
20250104,2025-01-04,2025,Q1,1,January,1,Saturday,True
20250105,2025-01-05,2025,Q1,1,January,1,Sunday,True
20250106,2025-01-06,2025,Q1,1,January,2,Monday,False
20250107,2025-01-07,2025,Q1,1,January,2,Tuesday,False
20250108,2025-01-08,2025,Q1,1,January,2,Wednesday,False
20250109,2025-01-09,2025,Q1,1,January,2,Thursday,False
20250110,2025-01-10,2025,Q1,1,January,2,Friday,False
20250111,2025-01-11,2025,Q1,1,January,2,Saturday,True
20250112,2025-01-12,2025,Q1,1,January,2,Sunday,True
20250113,2025-01-13,2025,Q1,1,January,3,Monday,False
20250114,2025-01-14,2025,Q1,1,January,3,Tuesday,False
20250115,2025-01-15,2025,Q1,1,January,3,Wednesday,False
20250116,2025-01-16,2025,Q1,1,January,3,Thursday,False
20250117,2025-01-17,2025,Q1,1,January,3,Friday,False
20250118,2025-01-18,2025,Q1,1,January,3,Saturday,True
20250119,2025-01-19,2025,Q1,1,January,3,Sunday,True
20250120,2025-01-20,2025,Q1,1,January,4,Monday,False
20250121,2025-01-21,2025,Q1,1,January,4,Tuesday,False
20250122,2025-01-22,2025,Q1,1,January,4,Wednesday,False
20250123,2025-01-23,2025,Q1,1,January,4,Thursday,False
20250124,2025-01-24,2025,Q1,1,January,4,Friday,False
20250125,2025-01-25,2025,Q1,1,January,4,Saturday,True
20250126,2025-01-26,2025,Q1,1,January,4,Sunday,True
20250127,2025-01-27,2025,Q1,1,January,5,Monday,False
20250128,2025-01-28,2025,Q1,1,January,5,Tuesday,False
20250129,2025-01-29,2025,Q1,1,January,5,Wednesday,False
20250130,2025-01-30,2025,Q1,1,January,5,Thursday,False
20250131,2025-01-31,2025,Q1,1,January,5,Friday,False
20250201,2025-02-01,2025,Q1,2,February,5,Saturday,True
20250202,2025-02-02,2025,Q1,2,February,5,Sunday,True
20250203,2025-02-03,2025,Q1,2,February,6,Monday,False
20250204,2025-02-04,2025,Q1,2,February,6,Tuesday,False
20250205,2025-02-05,2025,Q1,2,February,6,Wednesday,False
20250206,2025-02-06,2025,Q1,2,February,6,Thursday,False
20250207,2025-02-07,2025,Q1,2,February,6,Friday,False
20250208,2025-02-08,2025,Q1,2,February,6,Saturday,True
20250209,2025-02-09,2025,Q1,2,February,6,Sunday,True
20250210,2025-02-10,2025,Q1,2,February,7,Monday,False
20250211,2025-02-11,2025,Q1,2,February,7,Tuesday,False
20250212,2025-02-12,2025,Q1,2,February,7,Wednesday,False
20250213,2025-02-13,2025,Q1,2,February,7,Thursday,False
20250214,2025-02-14,2025,Q1,2,February,7,Friday,False
20250215,2025-02-15,2025,Q1,2,February,7,Saturday,True
20250216,2025-02-16,2025,Q1,2,February,7,Sunday,True
20250217,2025-02-17,2025,Q1,2,February,8,Monday,False
20250218,2025-02-18,2025,Q1,2,February,8,Tuesday,False
20250219,2025-02-19,2025,Q1,2,February,8,Wednesday,False
20250220,2025-02-20,2025,Q1,2,February,8,Thursday,False
20250221,2025-02-21,2025,Q1,2,February,8,Friday,False
20250222,2025-02-22,2025,Q1,2,February,8,Saturday,True
20250223,2025-02-23,2025,Q1,2,February,8,Sunday,True
20250224,2025-02-24,2025,Q1,2,February,9,Monday,False
20250225,2025-02-25,2025,Q1,2,February,9,Tuesday,False
20250226,2025-02-26,2025,Q1,2,February,9,Wednesday,False
20250227,2025-02-27,2025,Q1,2,February,9,Thursday,False
20250228,2025-02-28,2025,Q1,2,February,9,Friday,False
20250301,2025-03-01,2025,Q1,3,March,9,Saturday,True
20250302,2025-03-02,2025,Q1,3,March,9,Sunday,True
20250303,2025-03-03,2025,Q1,3,March,10,Monday,False
20250304,2025-03-04,2025,Q1,3,March,10,Tuesday,False
20250305,2025-03-05,2025,Q1,3,March,10,Wednesday,False
20250306,2025-03-06,2025,Q1,3,March,10,Thursday,False
20250307,2025-03-07,2025,Q1,3,March,10,Friday,False
20250308,2025-03-08,2025,Q1,3,March,10,Saturday,True
20250309,2025-03-09,2025,Q1,3,March,10,Sunday,True
20250310,2025-03-10,2025,Q1,3,March,11,Monday,False
20250311,2025-03-11,2025,Q1,3,March,11,Tuesday,False
20250312,2025-03-12,2025,Q1,3,March,11,Wednesday,False
20250313,2025-03-13,2025,Q1,3,March,11,Thursday,False
20250314,2025-03-14,2025,Q1,3,March,11,Friday,False
20250315,2025-03-15,2025,Q1,3,March,11,Saturday,True
20250316,2025-03-16,2025,Q1,3,March,11,Sunday,True
20250317,2025-03-17,2025,Q1,3,March,12,Monday,False
20250318,2025-03-18,2025,Q1,3,March,12,Tuesday,False
20250319,2025-03-19,2025,Q1,3,March,12,Wednesday,False
20250320,2025-03-20,2025,Q1,3,March,12,Thursday,False
20250321,2025-03-21,2025,Q1,3,March,12,Friday,False
20250322,2025-03-22,2025,Q1,3,March,12,Saturday,True
20250323,2025-03-23,2025,Q1,3,March,12,Sunday,True
20250324,2025-03-24,2025,Q1,3,March,13,Monday,False
20250325,2025-03-25,2025,Q1,3,March,13,Tuesday,False
20250326,2025-03-26,2025,Q1,3,March,13,Wednesday,False
20250327,2025-03-27,2025,Q1,3,March,13,Thursday,False
20250328,2025-03-28,2025,Q1,3,March,13,Friday,False
20250329,2025-03-29,2025,Q1,3,March,13,Saturday,True
20250330,2025-03-30,2025,Q1,3,March,13,Sunday,True
20250331,2025-03-31,2025,Q1,3,March,14,Monday,False
20250401,2025-04-01,2025,Q2,4,April,14,Tuesday,False
20250402,2025-04-02,2025,Q2,4,April,14,Wednesday,False
20250403,2025-04-03,2025,Q2,4,April,14,Thursday,False
20250404,2025-04-04,2025,Q2,4,April,14,Friday,False
20250405,2025-04-05,2025,Q2,4,April,14,Saturday,True
20250406,2025-04-06,2025,Q2,4,April,14,Sunday,True
20250407,2025-04-07,2025,Q2,4,April,15,Monday,False
20250408,2025-04-08,2025,Q2,4,April,15,Tuesday,False
20250409,2025-04-09,2025,Q2,4,April,15,Wednesday,False
20250410,2025-04-10,2025,Q2,4,April,15,Thursday,False
20250411,2025-04-11,2025,Q2,4,April,15,Friday,False
20250412,2025-04-12,2025,Q2,4,April,15,Saturday,True
20250413,2025-04-13,2025,Q2,4,April,15,Sunday,True
20250414,2025-04-14,2025,Q2,4,April,16,Monday,False
20250415,2025-04-15,2025,Q2,4,April,16,Tuesday,False
20250416,2025-04-16,2025,Q2,4,April,16,Wednesday,False
20250417,2025-04-17,2025,Q2,4,April,16,Thursday,False
20250418,2025-04-18,2025,Q2,4,April,16,Friday,False
20250419,2025-04-19,2025,Q2,4,April,16,Saturday,True
20250420,2025-04-20,2025,Q2,4,April,16,Sunday,True
20250421,2025-04-21,2025,Q2,4,April,17,Monday,False
20250422,2025-04-22,2025,Q2,4,April,17,Tuesday,False
20250423,2025-04-23,2025,Q2,4,April,17,Wednesday,False
20250424,2025-04-24,2025,Q2,4,April,17,Thursday,False
20250425,2025-04-25,2025,Q2,4,April,17,Friday,False
20250426,2025-04-26,2025,Q2,4,April,17,Saturday,True
20250427,2025-04-27,2025,Q2,4,April,17,Sunday,True
20250428,2025-04-28,2025,Q2,4,April,18,Monday,False
20250429,2025-04-29,2025,Q2,4,April,18,Tuesday,False
20250430,2025-04-30,2025,Q2,4,April,18,Wednesday,False
20250501,2025-05-01,2025,Q2,5,May,18,Thursday,False
20250502,2025-05-02,2025,Q2,5,May,18,Friday,False
20250503,2025-05-03,2025,Q2,5,May,18,Saturday,True
20250504,2025-05-04,2025,Q2,5,May,18,Sunday,True
20250505,2025-05-05,2025,Q2,5,May,19,Monday,False
20250506,2025-05-06,2025,Q2,5,May,19,Tuesday,False
20250507,2025-05-07,2025,Q2,5,May,19,Wednesday,False
20250508,2025-05-08,2025,Q2,5,May,19,Thursday,False
20250509,2025-05-09,2025,Q2,5,May,19,Friday,False
20250510,2025-05-10,2025,Q2,5,May,19,Saturday,True
20250511,2025-05-11,2025,Q2,5,May,19,Sunday,True
20250512,2025-05-12,2025,Q2,5,May,20,Monday,False
20250513,2025-05-13,2025,Q2,5,May,20,Tuesday,False
20250514,2025-05-14,2025,Q2,5,May,20,Wednesday,False
20250515,2025-05-15,2025,Q2,5,May,20,Thursday,False
20250516,2025-05-16,2025,Q2,5,May,20,Friday,False
20250517,2025-05-17,2025,Q2,5,May,20,Saturday,True
20250518,2025-05-18,2025,Q2,5,May,20,Sunday,True
20250519,2025-05-19,2025,Q2,5,May,21,Monday,False
20250520,2025-05-20,2025,Q2,5,May,21,Tuesday,False
20250521,2025-05-21,2025,Q2,5,May,21,Wednesday,False
20250522,2025-05-22,2025,Q2,5,May,21,Thursday,False
20250523,2025-05-23,2025,Q2,5,May,21,Friday,False
20250524,2025-05-24,2025,Q2,5,May,21,Saturday,True
20250525,2025-05-25,2025,Q2,5,May,21,Sunday,True
20250526,2025-05-26,2025,Q2,5,May,22,Monday,False
20250527,2025-05-27,2025,Q2,5,May,22,Tuesday,False
20250528,2025-05-28,2025,Q2,5,May,22,Wednesday,False
20250529,2025-05-29,2025,Q2,5,May,22,Thursday,False
20250530,2025-05-30,2025,Q2,5,May,22,Friday,False
20250531,2025-05-31,2025,Q2,5,May,22,Saturday,True
20250601,2025-06-01,2025,Q2,6,June,22,Sunday,True
20250602,2025-06-02,2025,Q2,6,June,23,Monday,False
20250603,2025-06-03,2025,Q2,6,June,23,Tuesday,False
20250604,2025-06-04,2025,Q2,6,June,23,Wednesday,False
20250605,2025-06-05,2025,Q2,6,June,23,Thursday,False
20250606,2025-06-06,2025,Q2,6,June,23,Friday,False
20250607,2025-06-07,2025,Q2,6,June,23,Saturday,True
20250608,2025-06-08,2025,Q2,6,June,23,Sunday,True
20250609,2025-06-09,2025,Q2,6,June,24,Monday,False
20250610,2025-06-10,2025,Q2,6,June,24,Tuesday,False
20250611,2025-06-11,2025,Q2,6,June,24,Wednesday,False
20250612,2025-06-12,2025,Q2,6,June,24,Thursday,False
20250613,2025-06-13,2025,Q2,6,June,24,Friday,False
20250614,2025-06-14,2025,Q2,6,June,24,Saturday,True
20250615,2025-06-15,2025,Q2,6,June,24,Sunday,True
20250616,2025-06-16,2025,Q2,6,June,25,Monday,False
20250617,2025-06-17,2025,Q2,6,June,25,Tuesday,False
20250618,2025-06-18,2025,Q2,6,June,25,Wednesday,False
20250619,2025-06-19,2025,Q2,6,June,25,Thursday,False
20250620,2025-06-20,2025,Q2,6,June,25,Friday,False
20250621,2025-06-21,2025,Q2,6,June,25,Saturday,True
20250622,2025-06-22,2025,Q2,6,June,25,Sunday,True
20250623,2025-06-23,2025,Q2,6,June,26,Monday,False
20250624,2025-06-24,2025,Q2,6,June,26,Tuesday,False
20250625,2025-06-25,2025,Q2,6,June,26,Wednesday,False
20250626,2025-06-26,2025,Q2,6,June,26,Thursday,False
20250627,2025-06-27,2025,Q2,6,June,26,Friday,False
20250628,2025-06-28,2025,Q2,6,June,26,Saturday,True
20250629,2025-06-29,2025,Q2,6,June,26,Sunday,True
20250630,2025-06-30,2025,Q2,6,June,27,Monday,False
