ClientKey,ClientID,ClientName,Industry,CompanySize,OnboardingDate,AccountManager,Status
1,CLI-1001,Client_B1,Healthcare,Startup,2024-05-27,AM-02,Active
2,CLI-1002,Client_C2,EdTech,Startup,2023-07-13,AM-03,Active
3,CLI-1003,Client_D3,Healthcare,SMB,2023-11-20,AM-04,Active
4,CLI-1004,Client_E4,Healthcare,Startup,2023-10-24,AM-05,Active
5,CLI-1005,Client_F5,FinTech,SMB,2024-07-17,AM-06,Active
6,CLI-1006,Client_G6,Legal,Startup,2024-06-16,AM-07,Active
7,CLI-1007,Client_H7,FinTech,Mid-Market,2024-10-06,AM-08,Active
8,CLI-1008,Client_I8,Legal,SMB,2023-08-15,AM-01,Active
9,CLI-1009,Client_J9,Logistics,Startup,2024-02-04,AM-02,Active
10,CLI-1010,Client_K10,Logistics,Mid-Market,2023-07-16,AM-03,Active
11,CLI-1011,Client_L11,FinTech,Mid-Market,2023-10-22,AM-04,Active
12,CLI-1012,Client_M12,Legal,Startup,2024-03-19,AM-05,Active
13,CLI-1013,Client_N13,Logistics,SMB,2023-07-14,AM-06,Active
14,CLI-1014,Client_O14,FinTech,Mid-Market,2023-10-12,AM-07,Active
15,CLI-1015,Client_P15,Healthcare,Enterprise,2024-06-02,AM-08,Trial
16,CLI-1016,Client_Q16,Legal,SMB,2024-04-08,AM-01,Active
17,CLI-1017,Client_R17,Logistics,Startup,2023-10-23,AM-02,Active
18,CLI-1018,Client_S18,Manufacturing,Mid-Market,2024-05-01,AM-03,Active
19,CLI-1019,Client_T19,Healthcare,Mid-Market,2024-08-24,AM-04,Active
20,CLI-1020,Client_U20,EdTech,Startup,2023-07-04,AM-05,Active
21,CLI-1021,Client_V21,EdTech,Mid-Market,2024-08-22,AM-06,Trial
22,CLI-1022,Client_W22,FinTech,Startup,2024-06-27,AM-07,Active
23,CLI-1023,Client_X23,Logistics,SMB,2023-12-24,AM-08,Active
24,CLI-1024,Client_Y24,Logistics,Startup,2023-09-19,AM-01,Active
25,CLI-1025,Client_Z25,Media,Startup,2024-11-08,AM-02,Active
26,CLI-1026,Client_A26,Manufacturing,Mid-Market,2023-12-22,AM-03,Active
27,CLI-1027,Client_B27,Legal,SMB,2023-10-18,AM-04,Churned
28,CLI-1028,Client_C28,Retail,SMB,2023-08-20,AM-05,Active
29,CLI-1029,Client_D29,FinTech,Enterprise,2024-09-12,AM-06,Active
30,CLI-1030,Client_E30,Retail,Mid-Market,2024-05-09,AM-07,Active
31,CLI-1031,Client_F31,Healthcare,SMB,2024-08-22,AM-08,Active
32,CLI-1032,Client_G32,Media,SMB,2023-05-16,AM-01,Churned
33,CLI-1033,Client_H33,FinTech,Mid-Market,2024-04-04,AM-02,Active
34,CLI-1034,Client_I34,Manufacturing,Mid-Market,2024-11-17,AM-03,Active
35,CLI-1035,Client_J35,Manufacturing,SMB,2024-01-13,AM-04,Active
36,CLI-1036,Client_K36,Manufacturing,Enterprise,2024-04-12,AM-05,Active
37,CLI-1037,Client_L37,Healthcare,Enterprise,2024-09-03,AM-06,Active
38,CLI-1038,Client_M38,EdTech,Startup,2024-05-17,AM-07,Active
39,CLI-1039,Client_N39,FinTech,SMB,2024-09-20,AM-08,Active
40,CLI-1040,Client_O40,Healthcare,Enterprise,2024-04-25,AM-01,Trial
41,CLI-1041,Client_P41,Manufacturing,Startup,2024-06-30,AM-02,Active
42,CLI-1042,Client_Q42,Healthcare,Startup,2023-07-24,AM-03,Active
43,CLI-1043,Client_R43,Healthcare,Enterprise,2023-10-27,AM-04,Active
44,CLI-1044,Client_S44,Retail,Startup,2023-11-28,AM-05,Active
45,CLI-1045,Client_T45,Retail,SMB,2023-08-11,AM-06,Trial
46,CLI-1046,Client_U46,Legal,Enterprise,2023-10-30,AM-07,Churned
47,CLI-1047,Client_V47,EdTech,Mid-Market,2023-08-22,AM-08,Active
48,CLI-1048,Client_W48,Logistics,SMB,2023-11-22,AM-01,Active
49,CLI-1049,Client_X49,Healthcare,Startup,2024-05-25,AM-02,Active
50,CLI-1050,Client_Y50,FinTech,SMB,2024-01-06,AM-03,Active
51,CLI-1051,Client_Z51,EdTech,Startup,2024-01-09,AM-04,Active
52,CLI-1052,Client_A52,FinTech,Startup,2024-04-09,AM-05,Churned
53,CLI-1053,Client_B53,Logistics,Startup,2023-11-16,AM-06,Active
54,CLI-1054,Client_C54,Media,Startup,2024-10-29,AM-07,Active
55,CLI-1055,Client_D55,Media,Startup,2024-06-01,AM-08,Active
56,CLI-1056,Client_E56,Legal,Startup,2024-05-12,AM-01,Active
57,CLI-1057,Client_F57,Legal,SMB,2023-09-27,AM-02,Active
58,CLI-1058,Client_G58,FinTech,Mid-Market,2023-07-26,AM-03,Churned
59,CLI-1059,Client_H59,Healthcare,Startup,2023-09-23,AM-04,Active
60,CLI-1060,Client_I60,Healthcare,Startup,2024-01-13,AM-05,Active
61,CLI-1061,Client_J61,Media,Startup,2024-11-25,AM-06,Active
62,CLI-1062,Client_K62,Media,Startup,2023-04-24,AM-07,Churned
63,CLI-1063,Client_L63,Media,Mid-Market,2024-04-15,AM-08,Trial
64,CLI-1064,Client_M64,Healthcare,Startup,2024-05-30,AM-01,Churned
65,CLI-1065,Client_N65,FinTech,Enterprise,2023-09-21,AM-02,Churned
66,CLI-1066,Client_O66,EdTech,Startup,2024-08-06,AM-03,Active
67,CLI-1067,Client_P67,EdTech,Enterprise,2023-02-17,AM-04,Churned
68,CLI-1068,Client_Q68,Retail,SMB,2023-01-25,AM-05,Churned
69,CLI-1069,Client_R69,Manufacturing,Enterprise,2023-12-11,AM-06,Trial
70,CLI-1070,Client_S70,Manufacturing,SMB,2023-02-26,AM-07,Churned
71,CLI-1071,Client_T71,Media,Startup,2023-10-18,AM-08,Active
72,CLI-1072,Client_U72,FinTech,SMB,2024-11-01,AM-01,Active
73,CLI-1073,Client_V73,Logistics,Startup,2024-09-27,AM-02,Active
74,CLI-1074,Client_W74,Retail,Startup,2023-12-11,AM-03,Active
75,CLI-1075,Client_X75,Retail,Startup,2024-06-05,AM-04,Active
76,CLI-1076,Client_Y76,EdTech,SMB,2023-11-21,AM-05,Churned
77,CLI-1077,Client_Z77,EdTech,SMB,2024-10-17,AM-06,Active
78,CLI-1078,Client_A78,Healthcare,SMB,2024-02-24,AM-07,Active
79,CLI-1079,Client_B79,Logistics,Enterprise,2023-11-15,AM-08,Active
80,CLI-1080,Client_C80,Logistics,Startup,2023-11-05,AM-01,Active
